"CUSTOMER_CODE","FIRSTNAME","LASTNAME"
"CUST000000000000000000000000000065","Kxyqvnrtysfrzrmzlygfveulqfpdbhlqdqrrcrwdnxeuoqqeklaitgdphcspijthbsfyfvladzpbfudkklrwqaozmixrpifeffec","Lhbvfukbyeqfqojwtwosileeztxwjlkngbqqmbxqcqptkhhqrqdwfcayssyoqcjomwufbdfxudzhiftakczvhsybloetswcrfhpx"
"CUST000000000000000000000000000089","Prbsshsjxdfilebxwbctoayaxzfbjbkrxirimqpzwmshlpjhtazhbuxhwadlptoyeziwkmgsovqzgdixrpddzplcrwnqwqecyjyi","Bfjykmjfqwltvzkqtpvolphckcyufdqmlglimklfzktgygdttnhcvpfdfbrpzlkvshwywshtdgmbqbkkxcvgumonmwvytbytnuqh"
"CUST000000000000000000000000000087","Mfjaqtgngcwkuzyamnerphfmwevhwlezohyeehbrcewjxvceziftiqtntfsrptugtiznorvonzjfeacgamayapwlmbzitzszhzko","Svnknberbltlkggdgpljfisyltmmfvhybljvkypcflsaqevcijcyrgmqirzniaxakholawoydvchveigttxwpukzjfhxbrtspftt"
"CUST000000000000000000000000000036","Otafsngqvoijxuvqbztvaalsehzxbshnrvbykjqlrzzfmlvyoshiktodnsjjpqplciklzqrxloqxrudygjtyzleizmeainxslwhh","Jwslqendjvxjyghrveuvphknqtsdtwxcktmwwwsdthzmlmbhjkmouhpbqurqfxgqlojmwsomowsjvpvhznbsilhhdkbdxqgrgedp"
"CUST000000000000000000000000000093","Zchrgefeukmcowoeznwhpiiduxdnnlbnmyjyssbsococdzcuunkrfduvouaghhcyvmlkzaajpfpyljtyjjpyntsefxiswjutenuy","Cpbcnmhfuqmmidmvknyxmywegmtunodvuzygvguxtrdsdfzfssmeluodjgdgzfmrazvndtaurdkugsbdpawxitivdubbqeonycae"
"CUST000000000000000000000000000015","Gxfjkklrfkraoheucsvpiteqrswgkaaaohxxzhqjtkqaqhkwberbpmglbjipnujywogwczlkyrdejaqufowbigrsnjniegvdvotu","Gocedktcbbufnxorixibbdfrzuqsyrfqghoyqevcuanuujszitaoaowsxyglafbwzddoznrvjqeyqignpitruijvyllsibobjltu"
"CUST000000000000000000000000000028","Srypanvybsfrxtlfmpdidtyozoolzslgdgowijatklvjzscizrkupmsoxftumyxifyunxucubvkfctkqlroqgzjvjwzizppvsomf","Lvioemycnphfjtbnwedtubynsbirepgcxfgsfomhvpmymkdohettyycsibbeaxniwjkfvabnrllkmaglythkglauzgkeulyrpaeu"
"CUST000000000000000000000000000020","Rdvexqlwgakdtbihmfrjijanxkhrqdllecyhbsuxnlftmjcnyybwsjmajbwtuhkkiovytgaufpjlxiwbnzhybsxfmumbhkjqmdab","Myulbrglwstjkoxbczkjhvhsgzvwiixxaobhfsopqnebmflcooetjizolqrmsxphqdgzdmqhoggvrvjqrpmxbhkkfgzzxjegsyov"
"CUST000000000000000000000000000021","Drmwcjavpmshojzxaxnbiztkfomzdhujdmcyxdqteqjalgqgsomonvbreqqzzpwqlihdnvudvlznfhbaokxvcelykfhxbldylqqe","Wdnjzrlbskqgfvnqlfvobeyolyyovviwhxfpbuiujlolnjldgvwxljboaypaotdzjxxrschmwrveliumzpnoieipogwilaswntyw"
"CUST000000000000000000000000000071","Uegdgyethsrznlzrffmwdgxaigmxpyvyaqgaultodtlgzcyvfiykmkllfbzxqyhvizqmamjzlvvgoifltzywueypmabinmyappza","Ecvmxirqsmzcuiddymnlfuskiheknevxtehxtbthqkjvtfzddlgchxczohpyewfmufzazyxtqxcuwbrxpfymuvfvsyxrrcfuusic"
"CUST000000000000000000000000000043","Czaqhlswbzievijhrvdudvmaravupityzffecdksuxteeitxtgwdfuydrtbfypbnkcypqodxrrwikfuxwjhtujrliuaifppzvkmx","Yspwvpfyfpkvgthqqrmajxispjncxgviyuqavayvsvznmhskodmidajwlkfrimprrhenguipdghstyopbvuiqcoplvwduwmjpblq"
"CUST000000000000000000000000000061","Oafnxwgqtvwztjekxwnbcuggliiehimvoymyjasinwspsqiukflhyfacamqrbqrypstsxhplrrmbeddvphnegtuxxtalsyxezjwt","Lwmxvrjtxytykkckuvbhhlovgcxjxhhivxnutkxvhadiaysulvknmcanhsyxlivarjdkgfcfpotnvlcibpxkidmwexpugwoxjicd"
"CUST000000000000000000000000000098","Kvstltienwqngiutnuqbzicontzlybgvumnwehjxoswnprlhvsuzvgyeettenngipfvrflpprjjalchhhcmhxkupciulccqssaqg","Dttpldmzdzveslyjadswtsbhgkddeouxbldsxzmfvhtonlampljgzyvemxhnlcrldtfthulkxhflcoupgeikrlaksuyfqvnvtnqs"
"CUST000000000000000000000000000069","Pyjbxrnphouoyhvlswvoibuvbhhjcdflvlxrgorfbjrofokggafxmdqhqatsfezchpicyuawpovmmyzwforhkoatppybfofhdzsb","Iyjldsklgznfnqydisnyxzfpoftcjuprwygsnxkikqlimalfgxnuohrnhgqpublurhztntgmimcozuufzphdyiucrmmmjqtceykw"
"CUST000000000000000000000000000080","Nnbqorghzyzzukjqsjbmpfmdtrgvwvyeikgjdnmlxkxwldnmizapzuhsbssaxjutkbkoljyodlipofvnkqkktwtjlvgmkgjwlect","Lagylwdvomtuypjbtvitkqnnvtdxwrclpspcngrdrlsvyxfeohtupjvmyctacnifdnoryahqghzhoqprgkymyphiuvdvgjppfdgp"
"CUST000000000000000000000000000055","Ouzjwbqkhqoyefmugjvewhxusqfzwuweifnsbijkeepyxrysojacqthkcijbzpmqfbmnrhybaibmzonzqlnmdjsvofgjftyfehik","Ljfrfgznuaytvaegmaaljhrxtodjqxogwaxrssjxgvnkawzaqswwofedxjflugpktauixpzdckodknlbvxrsrjeobuvvqythyvzx"
"CUST000000000000000000000000000057","Bcgrlbgchwcperpbaxqbujxcxcklrrklkbnwlrwyuygzmgbyyhgapxwdbycdunhtedgvsrhchoxqwrssuhesetvejonqwhkwezjv","Jggmsqqyrxtjkcalswqqhvyimheopjzdkmouegzbphmgoxqwlbdlcumdgixjbcqvztzdjqmadthtdmvaqcagsyqggcfiifcoktjp"
"CUST000000000000000000000000000041","Jxcjyiwchyicqibxdgkqtgqiwpdklhumzwljmgdmicmunnnpdbamofynykqvsijsnfkpfyptlmqpoyjmeqvhcrvgmqmqopusqktd","Thpvztfzxrnqbsqtipqonxtsnasonzvxbpipyhhbtopsuqomfjrdyislifqgbndakaqbbwnkxnwpzeoohlxuhrtbfnqorfguvome"
"CUST000000000000000000000000000026","Epxoffghmatidzfpfnwbfujdonlvyvwcwcchvsasdylbrrxfcztzqopdihybrhodjnmoqkijywkoncvrjozdphbfaalexgtpdtkz","Vsebevsopjvciwljfkrcumyacqdapwczenvmabkapuoudipbozezeygljfftvycbvazmzbndlfvlsqiaixdtbhqvlzdmffjfbfsv"
"CUST000000000000000000000000000014","Thrfmkoxbhokcvethucgqyvopafyttrhesvlbgihetenaiqyufxffdwqvruhvuzxukffmudygjavemzdccamymhppwofwgjkykmq","Fbuujzxhlnckmmcuflzandlltowjpwsaljtfapfvrmezbsjxsswiwjscisoqlhahzaplclkwlrgcdqbcdwbwafgadgtcpgowefka"
"CUST000000000000000000000000000075","Qjuffuguqepwnfhbnbuinlicpdxfesoxcfqclfnrhgsxkhxgxrcorfygjxpiqmwtqjwbhghmlocnfkglorkkvxznlzdhucvayrzf","Azefobxutitrfkrlrstkcbtikklmhmggklsbphcejuylhxnraoenhdpzngyodiqlchxyycxzrrbhfwohfvxkrzolrglgnvcpjesd"
"CUST000000000000000000000000000040","Zygyoifoygphqqevqjugiuahmvrxgaujnyclcjqxevhyfnlohavrjlbyyvhghxhywekedhvwytysljsqminajfipdsprglnpxfqw","Uvcibpynkxgxsupmbntqrlwyampdgunigxldhlhqdyjcfhuqjfymrbafmyocttyjmnhlfnrtzddlazixtlxyvmvfbiguhsfuqoer"
"CUST000000000000000000000000000078","Hymsnoprkbdlchswocbbwwdvastaiamnepwkyaqmpliruphedkxjqzgpexlwulswtvotlgotlncpvnrrzerzdygeraoozbttnyyi","Fkindeouuagqgztvqdolfrzrlzddjzcshvdgkhxkdxflwxmejkkszylbhoaacicwqiizickgcdxstpzkskjwdqegrearjrncmmkd"
"CUST000000000000000000000000000060","Elekbesuhquepjrnrzbllldgdmyrpglrhllwnqozfudjpchowhwevbqvjjezsmhylnjpktbspxnktxkmcfxwiaqqbhqjwufmwres","Fsfaokeaaadziobioqmtsvjgzkgkhbzpaeuexyudhrioicyqsjmngrwqpoherwuvdgeruffmlgphwbxzovyewtfazfpmvfvyguqd"
"CUST000000000000000000000000000047","Itjlxnoixsyghyfrdngjfblyveibcapetpmeaidrtpnwwiifhpfgsptkvhhwkzvtvlhhbipjxurgqbtldimsarncplkeweoirjen","Akyprzzphewoprwyvfpjyglzrmhfqpdubheeqtgrmbxlcmnbtaqakgimuapsbuxzokhwnykughmwrlkjsvtdlzwpbhcsbvjnomut"
"CUST000000000000000000000000000009","Ffmjggrmyilgschgwrrztnmvndmuahvnlwpwtglvbtkegzjstpiwllpgnlpcnezqscxkelindfvurtxsezrwzvzechocnvfaimxr","Qnyiqlybugjsblhzfravznkbtgcpqwovwpxzgxgodlhmixisfzdknoxzasscewgzvqkxuqrsqxsfwdwneyqisozqjfgrvhfsfeus"
"CUST000000000000000000000000000023","Pujvqhydwveadosqafyxbmzgrotyffqblolplosqnfcwxiuwkldpuenodlvotbqiizudxqjvfnkyicjcywjkfvukvveqhjrxdcig","Wbjdftdyelydzyummmtzuvfmaicednymxoaiuhigfkfavgeemcgofnaefganqoniqebfibigljbceulicojzjfrceigxprunjncy"
"CUST000000000000000000000000000082","Mbrljfqmwciqtyncafzjyagimmzuejrttefhdwqcizyiurxvfbwrjxffzbjexshvwrxwrmhrbdxjwipsdfhtknfaswfrvxqdkhbw","Wefbvqsghhhutdgethcwupzrtsbhbjnbqwpccoaonxwvkhowbzhaoscgykzbiltlwqqatyeczzceuuwgvjxzonhkkfjcbwsezdmi"
"CUST000000000000000000000000000095","Fdegsyjtswselknxweimxlnzohgtqthlftjblnphtdwwvsscbhjmruuqscwjpynxbkoomwdecqkrtbxgzgcxhppcjnqtcfqttkko","Lzcfikwblxkimijeglxsvcrkcqjjwcwuhvzydmegubqavlqffhrzzrhiwxrgftittdxcaybczncsyjlzlxyyklcppoxcgnexmaaj"
"CUST000000000000000000000000000058","Zuhabdhaccuualacylsmtkewbprsmoncggqvrvsqqoffmwkplsgbrpurgioajuppvqluhbdetzdzwwzaelmopafumtqugecywglu","Cmugwqiizveswrjevfzdnxlbkakrpzcejvxzeoybbtfdsvewjsivwswzjhudtpqsfclzcmukotirrxxtzksmxnjumofzhhowyftz"
"CUST000000000000000000000000000051","Fzbotrokaxaryxlkmueolqkrdxmzhoqnzvudeowcjloesfmqgvxwfyhnpbepbvbgjtbvqpoeugoqynkbfivmfewjjscjreixyqss","Xzsydgllfzmobnurxkwcypctjkabigwqtldwhjouaswtovdtkrlonzgeyddkqwuhnimzffxviyvsktqrfafqujhdepvczzhiyjlk"
"CUST000000000000000000000000000084","Xmeplnrvxgshdykehkefpkvepcxhozpjxtreynyliguhuxudbnhmfojordxzmmklgohcmmbukzshyrmooliaobbnlapadutnbeto","Cxylceyxywdsjegdfcrsblbxhjsgcuoxmqftytngzdcmsrfyjjumcbxoleldazwzwtdjoyuqeqjfxazjarqgfmsfxyfqbeoktcct"
"CUST000000000000000000000000000039","Nfqrsjchxpqiltaqzawhguusgenjcfxriyfikpgdvwhbyumthkiktbecjwalsxqjyajrkcvysicisabtbrdeumbvtviihjwxdczp","Dnrrgmemxydgxlrjzucxyidwcdvdpvjlagwmgcngnpxjkximsogvyhnchlimsxcjwtrijtizpezjlcqekojrrjzvtvhnqvieqmdi"
"CUST000000000000000000000000000070","Edzqswrsnfmnneltcutqfcqyrrwmnwtelvsqrruwfjwrhjcrtbcytnyqmqxceuohpiffaqnrmoybqjjgdyotpmxttqftypfexlvd","Tgxqafiqbqjlnpbflkgaynkddbzllecdctccvslpdcurkxfoimnwdfvnyqkzlheruxrmiiygnzfovnrwcoqsgoameiunvzemmxtk"
"CUST000000000000000000000000000038","Listlxuynrwsjaxzwmhktdayzzoxbbemejgosgcynfapykbcnzhesvnctfvdspqkuyrjhykpadahbhjbatvsxlngbtxmqrbwqrom","Fqzyabzrcoorbbyklndcqdjzcnsmgmwmpbgjqoykrvnafhqrwfajnfahyqocdbgfnlaozmffvvmoymbmytjvfcgttcijyyljdgwj"
"CUST000000000000000000000000000001","Bztlpswmalgbgpaplqgzqchflxtypttkrpfvxrtkzpzrscwbxqbwfqqvjcukjbsginxqmxryxieyavnzdiludhthpreyelgcnpso","Qswsreogbmveofvusdsxcjvdrjkhxkqrqzjbrpljwuzplxczqeevvbvcwhnvzuszqvhlmaptylyufqzyldwwgezlqurzvorxwgdt"
"CUST000000000000000000000000000094","Gjilgydqvpkntwjbgihlwckorgrmxixylxjmlfvhbpoaboylcedyzeayigfagitkrextlipvqqhdmoerchoqxbypihdvpdtjrrkx","Roowtrexuhucxpiibvmuyarjwqpcoywawqwdmfpwvamisnskbhopoqdsrefjtmnmvkyccremktrniqwoofoeenbzvvlrfcsftapy"
"CUST000000000000000000000000000081","Ujmwdupdqikocrdyexjbcxwqeaumqoklsqebuzeziiswzfzgyhvnwjcnshdybjywyaodsywmlmuueocfruntpztlbggsuzctocyi","Lfzpszgrgjsimqypqopfumpmsjvmsbrcfwretbiekoxpmplpcgewmqigymreqevdydvgmuyytguexnycqhwialkbjgzcklmgxgij"
"CUST000000000000000000000000000000","Jyjlplrsxznfkoklxlvpxrbasbznvxasxztwnqbhqultkyfqxsaeqztxbuwpzdpkngnuoayckfykdlarmuwprgtghfxfbgpucqwb","Ihemixqmypjedyedimaanpbdrxpvtoxmxzimgfaouzlteobnadoshnxnufgmypupeikfqrqyexoljhqsaneicvaerqxcngmsidsz"
"CUST000000000000000000000000000042","Agpiuiiasrezakiuroadojxmvgqgdodwwjszyeruwnupqgmyrjxigaskpjmzpsbhgokwtfcisjzvepyebwrcpafxzhbdgjykhzem","Fomgxjphcscuxjnywoiwbdvusywqlsccvsropvrnxtmkgiwfvqfkotpdznjinpobubzbvstkkvubuucilxyhjbcilfldibmyebrl"
"CUST000000000000000000000000000056","Cnvnuuqfvhwxoorbyyiigppuftqswpksfdxicemjbftgoabwrqdoudfbyjutkeqakoarruhwuznnlydivfelxvtggkkkjmxlwbkb","Klbwfsvrbadvraqovanlsmklnfjxxvzdjlpyurxpjcssebtpznwoytjefobdynaiukctgrzjxzirzosjuncvhfhcnhhrajahitnb"
"CUST000000000000000000000000000053","Kvwtifcoqepqyzwyazzkddxywvgqxofsyxngevsdbatvzmziqpmjewiyorpzsupxoflqpbyzhtvvpjdcqnlvlzrzakvmxzbaeipm","Wouvpvgtekfkuajjogbxhjiiqisdbplotyakxjvkmxhtmyznhaylqjnqzrwrmgtumbbhflizbpeohsufreefajrcsfoghglucidb"
"CUST000000000000000000000000000030","Nlysamvyatutjdfnvhahxykurbrmmadeaxhghvfacnjxqjathltizloasimpzugutrjfozvgmdakdhaofiephsnuztnpqhdlfrfu","Yprcrcszmgplszwfndzihegtbxbspaucjbmsamjyqqraszaghzlgnfoasvljxltcnumquohlcgtfjmrmfccjrhfedlievtpiewor"
"CUST000000000000000000000000000025","Whyiucsetdtuquartspkotmxqpnkeluekveljyugrloqczljmwtmfkyvqguqquztpjidglpxqfxvhlftvvimvrozdyywopwyfovd","Zopwlumocnyuoumehvjqpzkcfcgihicdrdtttiixlhpikbvjgoblttgvmndkqggypgwsibcqahmyyeagklprtvojuwlcblwidhjp"
"CUST000000000000000000000000000054","Ugkbuspeynaoocgkzrpcnbqajopjjlfthevbculqsozkndgojnjnxqsoqiazyesldujjlpeedrswybwlfyzphixzluwbtmoxokks","Bedrqfuizopajzeahvalehdfnrkmnlpimduzgmwszcxmracvelbhjzmiwdnxwruqcugmkscfodjxghwcbmsokdspilajnibphjrv"
"CUST000000000000000000000000000003","Vlwpbojlpwuytkosjjojczwonovrxsiyuidphsklrmialvzpjcjtpblsgqljhuuvkcgpopdruidbaguevssjulnqgsixuhdhffri","Zkwtcbmrsrmtinefwxwwilbezedywxuitdzyypdgoveeupeusrgkqwfslfnjlybghedeabnrlzcgflgxiftmfzcsnybqcegpxtep"
"CUST000000000000000000000000000022","Yifqblzdjrtynxjgbiymhjumliovwnugaqebfewwkoidmaokmpfxhdemfdfupfzicfqswfeoabqhxacqtevyikwjehfdanujqafs","Hypyewwjbffslrorfwenywrixohirymriuukgrrtvinivxjhxauswnxiwetklmaeooopzxwqedcmzqbsqcpizgbsnjvbavwkhswl"
"CUST000000000000000000000000000091","Msigpcdcistimknaqvikbixsixlvpqtrudseizfbhedqqnekuuripcveufzesfmgamjqlwcasahdphjenjqpozqbrilknrrvuapn","Ijdnjizdqjcjlmvnumtmfdacviecjhxszgjifdjjlyatxljwajusxelheahcqyochiwuhjxxkwtnxqxrnhuehggrumxyzfhptjoa"
"CUST000000000000000000000000000074","Floounyiwqjybrbpvdhqeicodbznxbvhwqcieohgwhrhyzmeadmdoyclrkawftecpyuxlktpfzbslhuembqldignaxzdunxfdoeo","Uwbohtvgswqennprrhgvhydpcthgicuywqfsxzfrxkjzmfgzqmsmjlopwtccptklgttsgjpilmmanfgcnxwjasuztfcgspeuolfe"
"CUST000000000000000000000000000067","Cspzicixskeohywefgyazogdhyzuqihushpflcgenuwpvomjjudthwpoahrmqzjxaffrqaogakovphsmjlaqzxkqidudvcizzlwt","Ixsbqvbhhxplwaerwwzwpbjnkaptkbprrrkjfpwdqniqekyqtufnvmzsmiozswbcmjqhfnwyndzshjplypufjwxzzjeifnvinopy"
"CUST000000000000000000000000000019","Awcpbbarngbshrkkesrkqfdickjgzlcemkrxucnxpzwuiejkvvrvdiyjigkevirxqzdwtjyekogikuemljorbggakyubanivnepz","Mnrhxxchrcpmvzzmnlimilrztjglcorfnlodbtrcmxuwcoxtyehmrplyekiclziwuuewttooqfibpsnqhpatnqtccxdwwnqvhvyz"
"CUST000000000000000000000000000090","Gezymbkrayjkunmqubehhurllunmcqidudhhxdxqdcqzbvfzryjoyxrmnbbanqweywthlteowleciptekpdseykixytisrdyppih","Qajzovglupocoljegjnnmgomgmgklnurzckpowalwlahcnlubdrhffxhbisayrsnfegfiaphrymahhjtvsoimolphfayoykgsbwy"
"CUST000000000000000000000000000066","Aaclkplesjxbjazjndixcjkxuflasnaiukgifhgprnnxjmdwhuijkyzznlkjpzgupaijoiydjiblwqadpjqghvkbuestnkcpfjkz","Kqlgyaeeclyyjjphygrkkuswhvyzhkchnwjkkpjtlfboyfrjdrzjnjpyojnxxtjmbkigrdgcedgogntniteliduveerjytcdeapw"
"CUST000000000000000000000000000013","Wctktbldqdduhhpsrmxsrdoeqnulkrwmqsskatefqrewhjujhndtnzmbklrmzjunjfacgcgjkambcwdjsptrxqicurmmymlszebx","Vqvysatxjracsqxstpbqctwonggowblitkpajycmzojmwlhgscsqedhcvcnaabuynaoudqdxsesgclyqsyszgbuopswlommhrgwm"
"CUST000000000000000000000000000005","Cauxyrlthyzjpgqfzasrmvvsgmwbbahgxcbgjksyhsonzwbztpczvfwpklvnbymfvzcpjwlbsmqnhytqvgsyyvixbrxgrwwfrpoe","Fylfxkvobpurwgwcrqbvaxartfqydhbzaxwevoxbajbaelvvmnkfhqueutymrfzptpzxmrnbcfbfvckhliqyfvukkmidllfvnkpy"
"CUST000000000000000000000000000064","Jbpuqyoxeptnvpspejfxqpxunklfsywrrxqjxsyqtqpjctbgfqacuvidrrupnwkxjqrkrikqsprqfrxiqdnmvajelgqbuxtjlvlj","Qlpkhbdshjgwlklljlbbzxmamasxyoifehtipnqghutdnsmukooklcgkrlggujcpkdncrqxvabmteyuyanczczrxtjizmqhctipu"
"CUST000000000000000000000000000037","Gwbtxbhvajtueaoobndevaksquwbxyqckiaokmjpcasofaebjdfwgjgfredchrykojbjyrhbjzgmauumsvojkbrltyfwnvzsjgsd","Hgtgjxpkrueoudvyvtnwkjkbyvyoiwlzifnbsyxyqsyzddmwuyvtyrzealoqymdpniarscwxopuyqiowyasywkayvmjfizjxqbag"
"CUST000000000000000000000000000049","Ptfvtwevqhrgpfzrmelxfbjhwhjwkvgnidszswbthdroqwilidtvgfftdyqvyrsvzygspnfctvpkkxvnbvribvjlwcwarzbrwdnt","Grmacjkixtgovvlfabjormwbcqfqkujvooprfhossmiiezoqmrbmccgfdrpnrwqkdicgbgmyqylwfecmxvweliuxmjusvtmcvqmd"
"CUST000000000000000000000000000092","Ovdbvdafuvbkzwlbnvvmcvlyrntomjvznyxzajelurdwugmxwxyoaqsshlmxwmrxtnlumtwhhtxhbdztrfzpsokzewfsjmfkrlwn","Alspxwglxbucslfhpbhkqkswrkwsthyoddznhfkcpjwrwjtgdlieakswwkkuymijlobycgcvefclgrtynobgitjrgxqmevjcphhk"
"CUST000000000000000000000000000086","Wyqebswsoezfuwmokmbcnzgddrihahtsoatofqjzgmhxulfnkspqiodrugrlhupctfbowtxujuxnthlojcxshhhsizipsinwofva","Hpccpvdtshtrtqfvjejhmwupvvpbyabxgvismpyjwqzvhabwbnciuidtolkiqxplqoxtrzejgalfkqagqinrkbpvpzfawvfejjqy"
"CUST000000000000000000000000000099","Bdmqocdvckvdvwzwfgrxbfazyumodsinhhxzrtdhbscgqlagriuxclekcgmtpgalvnvwhatvtwmwbegcoaipnzccvzvkqwkcirnt","Pvgafwmaycpyazvwupyvfwytlnirumssjkhynziplhbskmuxcwjwtmtytyqiegjtoxoodcwlfdwfmywyogoqnesckshxlzrrypog"
"CUST000000000000000000000000000072","Fjnnjtebschajqshavnpfkmhsuhzbcazxniqxtozyftjfwbtnqriahgdvbzgtmnfajvqimnkfhpenhifnzyejolnpuhjekciyspi","Thxccgtcukyfxsenkhhfkdhpsvwqenxpqsrvplpuujdzzqixebkfgzdwwumrpqqnbfqrsehueortxlrqeekuqdnitsfsqqygrszk"
"CUST000000000000000000000000000027","Qcrmqzoqgixlaflsrqrfumbajpadutukaiutomcacuoptrbaizyvlvqgyqkxesbruvegcjojvibdwnygkvrgtwrjxhaxrscyfygj","Vwpywglqkwjdgyudhcylydoqicocqihmiqfuzanbosdymozegktmzikewzajbenojjjavawlcgqnncarcdulstdgdgkqvywkobmt"
"CUST000000000000000000000000000073","Lnksjnnnwjxjqbgvtfpdrbywxjbjccgunesgfwnqjpsqpypvyejppnlanbrvczcxnjulnqydggzuakjzucbxzzvrjqhquvmxzwqe","Pmwmnzmiqovnwzmuswmhjhkveorpleeablhdxpxxdchbjqygmfkfcrkbyhdjtaqarcduroifprjdphxnxjzbsjzsfzjwyehqclsd"
"CUST000000000000000000000000000016","Hsfbcbdhohmvdgxadqqpkzarjinwlahclwqmbvyffnbezamaxqzmbvkpoxjdnpxnaomoxbjgifknhwuldgrktjdfilzhxizwcorc","Pqezfuewcdzrrukwvfdzornrnvmxgmhwlwjeyjvdhpicbbmrhkebkhgwzqbzkxtcprfqxwcpuoccnznjubetfbtwtqphniqicrhq"
"CUST000000000000000000000000000068","Jjuxmcjqzwdmqdyzlkozknlljnjvlwtkbuacwrouefjavagljzfmqzbarxopxexkjrtvoicsfffofgbhzdicxfigvkqoorzmqegp","Scwyrpxwtswbwleokbkwajcqnuabrwqrrhpprlqgfjucrnedpueqkngjslhpcyjhilxooydtjacbwdvrkztkegripukgdtagwpbu"
"CUST000000000000000000000000000034","Dqnojzysdnqebynlmszgrremcnhnrdujasvawepukevrftatrqyxgvxbxxcmgvqhuilkxjsbjuuekopspgiocnizihudgvuqness","Sdmzzizhthxejwkvudzsiccbwbohbqqixmfmjdmpknkmpxtmhwiegkgcvxeavctlebngffcnfmimxsmrvubwoacbdnxvylvremls"
"CUST000000000000000000000000000076","Qygmvwypcszafolbqtcxvyhcadmraetgafitxbpzaggdspkyiszcaybkncldgicukjlxdrfzdypyjuzhlxsdrccgmrhkgtfrmrzw","Klplfntsjjhycmiyzozprsszulgztynaeyrsvltzlkgjmlrqgkwjwwojilkvtxpywabilteyiecgtxohfsuxvuynlxmuckakouow"
"CUST000000000000000000000000000024","Omlbbfbojgzihemqihtkddqudqowongfpvddlgbnggobllywazbhhjrrmadcjhrizzkvnthptoxlavjneevoadaledxwjezpbuxn","Cjzvfmjkqywixrwmzuqpegtesweamgrudavborznlkcycghlbnpgzlwyetdnskcipiwwmceppqdpdwucqqivhkrkiobqjmzcxnfz"
"CUST000000000000000000000000000018","Tpxsimbooizjutynrqwkguhccmvqdurpcdczvsnbvkdpbbepnvospsesmtpzmuwapyuslhviacdjqpeulhamrkgtvpulqozyhwnj","Vltllbozbarskmvzsurgkonyhtfluemczalfetsnyywqznewushquctpuwwsssmytxktxlnqfpwbqehjuzjhczkkmigqboyfhqss"
"CUST000000000000000000000000000044","Loxmqrkkqzxtvfbtjdnrqcsydjiqvejmpnaggbntxutqgyexlufpjfhymxxaimbviwcoqfthnkreesgfrsocwkbwhvggcbkbpsgn","Bbyoxcnrrtarjtjelnlzpdgjmdocnovnnonpzyliwrqhfwggnglvpiebomxhbhrxryweeheuxzztgyvbeirpdplqukvghobiidqy"
"CUST000000000000000000000000000062","Rkhokgbsetctgldhxdpthorvykangmukdvwarspczynpbhrplmgnqjkddtbwwabyzkdwacsccrjpiidqixljpnzxaklqbtpensdn","Lkckqiktdxkjbwvqafimtgyhsjsugesetxxktwulvixzcvgbsesvnniypjftjafdtijwhiszdjjmsmncrhdrnnrxaaedkidilykm"
"CUST000000000000000000000000000011","Nocijznujobhkdssbemhlghgszmshajqixnnvsnrfiltfsquhdwohykvwcaekybzaipgjpwtssywhmdczdopllcjyqcyrgsrwiwv","Eyigrneoqzewviwyvcrhsflzkzqkcwlmjqahbhrlglbynwefzugayonnvhgjsjmykpwvmfvljboxyivpnizktocxegnvipwgoexo"
"CUST000000000000000000000000000079","Udqfflmksmqrgdcxwzeqqvmszevqghihwbqjwausohbttbmczigkrelnzpckfvvxmywvhmarohwzgceukiecrvbiwzrnpduggsho","Phdkczyngpzhpzjijamkcivuwtffdhmmdqdaqgdmtdcjmboylnybykkbpgsxvhghwscwocufdjfyypqjuwwwnhyespqvtmosbzag"
"CUST000000000000000000000000000096","Ibikldlxqfmcodegkfyppjgkgonvugnsnblngdhpgelwimckpfqoliqvfaxxlnqcjqkzhkpvfuwqnwqnyrvhpzorngbafyxkaxgc","Aafbkrillxjabemmnduwdjernjwteibxxorcqekhrgmxpjlkknxoxkeddibufllpkykhghpypcwkhiuaxlgivhpdgvxrkhngztgx"
"CUST000000000000000000000000000029","Vsoanmmbrunnrobezkxounykovocpfbacfwnavojgbpzoifmanxmabrnncfeedzecbrwyrhtzqoxreirlyihjlrqepkzocqrxjnu","Mazmktpgkjtneqvrawczfthjhtbheqbhtukmrzfgzodfgqtpnwyduhxqasnyhbugiahkqkqretygjwhphkgccwnnykucfoikcuid"
"CUST000000000000000000000000000017","Xpgohluvsxiumtqwgiazdbbacxbvtejayjcnfwrtjqfujmpcjpfccjjyjbyvgoxdkrizxofzpcixrwytzxpgwblsriekvriyclyi","Ikfjfyubnnjklpjbrawdopetkzdlnsuyedbrhxwixxfrrvlbhmdrogsokxlurnqrxvzzyaqcpudnskuzmasbtudauxxxrpdtjyup"
"CUST000000000000000000000000000008","Ezytqeqdsvgljqzmwspcpzxebrvhwqbkrntlyaatlxwqhwjwhlqddwirvvfqetidccfcmtcrijqoedwkomhfmmyihhxluxdfnsrl","Shakyiirlgzhelbkosfwnjuwmxlvsdufwfsetciljrloxwylqtftipceneisgmmltnabfavaojjiauouwcsudaswvgdpaisrviee"
"CUST000000000000000000000000000002","Fgplakmdxceaettwtqokrgnsmjshcrsdkijuyubrcdawvcacpnbhtymxlueyjbivxjjejcltlbspymhstzgvakfmazcoabpsfwgz","Gdiwonjjyylcwbtldibidthirkitdtfkaylgyjgxsjtwjtsdjgyavleifrzwxpqueuxdmcshhioscanzlwsafzkkmipirtfbmktt"
"CUST000000000000000000000000000012","Csyknpexymmsykvnkxzgburhyimafpnmawhsokqhrphlvkfvqpkseisrkhmynjntxgevqzdiqpqavdpdhnwcwfnxyqsfcebyntnr","Gazdqjopxyrntbrhanoqidjxqjfvkyxigwwjlvftjbmutapvcwrgpgbsvmpktjtouiedtiskncqmlhzxhwnleqfiswryuwtjmasz"
"CUST000000000000000000000000000048","Hisfgtvcexqjatwbxjehnkcblhmbpmrseoiwbutxqkqtbsjpcyvwufzpnqmbrftnkbdpzcvvynrplypwgehetgpxjwjpwcpykisp","Wfibjhbpzrzqdeehrzatbknzpdipidhiesjylrwktlxjcivhyjwchptbpfdomqwwvyuxljusonfynrjsmyhcyizlnhnmmpcbazev"
"CUST000000000000000000000000000006","Acvdyjfnlseiboxgkwjibuzqwldfxzflnitiytuzweemxzmelbfwofmvpynucobgczdsynpwlmswgyoczwwbkseciohdhpvhjtvs","Nvhagaxgkywicfmpfqooukcqdvnpdsnplevsluutahthfumtiyhifcituzmsdwrisbwgynytyruymhbthrwtdjgevphcufwbnxts"
"CUST000000000000000000000000000100","Wcjzpfxeaplujdditpljnagxgcbnktpafmltzslnmsgunqdlhaffkjpfdjohgvjzqjeoduuadbdfaiqzqbwftlchcydnftjyhldu","Cfznwlzwegagjuubqfdprtpbijhznvakozooxuaaxjunlviyxbwcnyrlarjopggyzsdeaucqdmuoqlwhvafwdawwdanqjpbvexbk"
"CUST000000000000000000000000000033","Kmjtbqoivojqvhnbheblydokdejsxthgvotwsyctdzqpsyusvjtuozmzjrwfyqlokczqayqbplfxtxezwbaqxcvdvabiauwtocyr","Zhwntfeimdkgissrofnwvxbiqqgmxwikhlibduxspcdfyllklhfijjwntbyimgkskrydycvnolegdxyzhkhwqgnmozuxbzaefnlc"
"CUST000000000000000000000000000004","Nvoqtzwxweswnrucaaiekhznvyisduyepvddkeyzsyxcirwmuojhfczkmdqehprsjojdknlhvayzlomjwpwrxwrvsuuvaqgpysju","Kurgyzrhiehpwvhfclfazoxutcqehnkpcthoijnbiuxeoivwbjyqegpageiomcwnrlxxmiitgnbpgsapntlqlzxhfsxpiljfurfp"
"CUST000000000000000000000000000097","Cmzgbmxjctdimhbkapmdsfzqlfohfwqhqgbdqvjsgzehgacetjrhmwfldxfvxraqnhymiszdazjusfauabwmyegwefdxukmossqt","Akohgdhbpazssebjoogwwhkpsqvbzluqhjzjsljzraiqkorfkpayudgdmtsmpfybriyamhgyqzqfctskjjyawyzhmdeqtwtmiwnw"
"CUST000000000000000000000000000007","Rjtfloubdttduerzgcvekakcwernldifwnljrdwodgqacottqetvbdwafhenakphlnfmseoollldorsnkxgsdiluzyaxvbuuttcn","Nslbhalbzlnzkrcxgagwosikssnqnpafpsqlrulvdhdpladwppeclxttstxusaxroshyprxualodxepwkdoldxadwfytpigzbakz"
"CUST000000000000000000000000000063","Tzutpaviqihnmdiiasgjiskxidnxofivpaeweqtmxfzbszbrhcgwiddjlwrfadlpnoydurbntsmfdzwdtrfzdiqiwmtephbjjzte","Tkjgvshvrcncxkoopdepfaxdyyucwuaktvrihgbraioxxzmybcrtcstecgawlulnrvebfdukqceqkteybutrdeegqimburvciuej"
"CUST000000000000000000000000000046","Rcglghqyyzfryuamhhhhegbvpnvzbgkfmpdquclggqbdutiofgrlexgjsqlsouzknmqiopodpyvspanizoioareqxumndfovosol","Qukuqedztiyxrvqzxnahwjikakgvppuomchdxcbjjzgfbcxuxltytavtcvoogdpapduvoxjisojrsggixhxxfbpjuwfnpxniiwbl"
"CUST000000000000000000000000000052","Vpxxwvgabjtnfxqrsasbzhivowrkofhfvsddygbxxynoxjojgjajlzfypexdfjgtleoevfnpicpgdmvyabpfonqiggoflkqkuzli","Eofmrfeixeqyksrwhquzzzbpkicyunwxyicfzmincegukdzczbcyqoualgwenlnuzkznfsdgkyijtxqcrbkvoujncngmstwrcwcw"
"CUST000000000000000000000000000088","Vyavkzdoxzdpiovopmcjnbrbdzxmqgvxqfuvktcbuhhyxhdzkvvkerqlxbbxcdaikrdzeufusqnntpgabcdphlpbflyfgivqtuqm","Vppptjrdzaqhwzttdzmqaeklikvxikjhklwzpqjmanueepuhterwdpotbnhrnwceuelsorbfbuptzakelkekbsrhoqihhhdhervs"
"CUST000000000000000000000000000050","Rpfutchufofmtjethozgtwvgigzluubawyntusgimgxwpgzdupallaaqjikwkfprzflwxwkfbizokromewbktwiduvrajzlmnxad","Zushzzvsrwcntlovsbphihuqiaatlikalokdxuffsjomrhizgjivceimgixhduznesfclvzawrsigyksfkvtcmiretyocagsruwo"
"CUST000000000000000000000000000031","Yfwmqjffelwwexiueywiritubyuonehohufjwloykqgswgnvlblutejhxcjjmghraaspozprdttmqtookjbrryiwbouvkhgbromm","Xyhyscpnphvjllkwawtbwftgzczcrmviwpaacbsfuqpiqiyjwbeesmsbqmorjstvrgvmdizflhkkeumcptccryrkxzzxvygkemhb"
"CUST000000000000000000000000000045","Yfmhpexfoidjqvwfccqitxrppkrxlxrrvkvogcmgzqaivhbbgjtgfgpgspmlhfcgelhovcnamaizcaysvrpsnverowehpiztmedk","Ixsxwzzseaozyzjvpvxetprasbndetckeemhqhfyqcdecgdtraxznlcdlwyxutryycmcxsyyscnutifyjecsudmhbfgpvymiovjw"
"CUST000000000000000000000000000083","Cmgsgzcebovlztfpknmtqlkxychrwxqfaumevtdkgbuqebyrnudvcfjydxqihvauauymxgdfjlemmpozgdzvsatcvemrojmxhvfm","Fbtdjywwephrzbutnuommunmnhmnqgfxxjwvregecxmqxmrukeynsgfsvkojfchcjuqmyypbndycjknlmxdjafhstcyszbujfxcd"
"CUST000000000000000000000000000032","Uojzmynweqshnskjvbcdjhhhwckkrtebyzoqapwbebancwhmqwobvyxcfglwuwvyjfwwumcvovcghypywyiqbwjdgmedyhfppmmy","Afvwyavtdtuyzbmfxfeljberxdtlpavaxgectauqycnfgkhdcvhteiggngynbnqvpqtoxpktehmddebvbpeigccpnrraomgllylv"
"CUST000000000000000000000000000077","Kalezuprztzdlotldnjtgjywtawkykdjucbfmuwyvrqftrmbyjhfkndsehrlybncisumoczkxaadaleqwvjpqauhqgibmbxcivjd","Roaghxvwybphqkelwdoidxnygjtguhfqlthemedjmnhoclssfkrkzwalgapnbemkujrshojxqddkbqwfqkismfrxofgqibpqnngr"
"CUST000000000000000000000000000085","Oephngywjakiozcceypzzaqcwqogbucjwaybvbmhgljjndcwcrxttkqdfcvacvrnjgwtexmeytarnltfiqqjrtxyfipyrshacohc","Dkovnktrdhopzdfyripyabgasnzxgpsxcrdhuiwaedcmuoigadrsmeowolpzsvywxihgebyqvuebmxcuoofumbxlntxzlhdexixa"
"CUST000000000000000000000000000035","Afuqrtrwompetjgaqwdlchxsxdtutibhnivvnudtkotiulxngwpgfytzhebjlrroabxcepbqvnnlygsyjhhohttgwvjuthdnrxkx","Zurxwjpneiglhcneqxgjlckxlmwwutpaionzyhsbmkpitkakbylnhdurxvunqrcwurvgznprfrhwrtpysqfbawwhuqdvjaosgivo"
"CUST000000000000000000000000000059","Baqfzfqfutniwuftxvjjlanuppywvlqnhrtxoezmokdezusxvidvtfkxbwhrkurathgbavskrixzhbjtbitijivamodyzqbnaaso","Udafojrmqzcmzdgxvhbqcebgdqekwisxpkysblxxgnreabrcowuinszcopghezmuekagcohqcrizdccwaenjfuztrkcxrkcnmxzg"
